From Date,To Date,res_id,res_name,supply_subzone,supply_zone,KAM,primary_cuisine,del_rating,ov,CV,ACV,ASV,ads_ov,gold_ov,non_gold_ov,mvd,zvd,gold_discount,booked_amount,billed_amount,la_users,mm_users,um_users,la_ov,mm_ov,um_ov,bf_ov,lunch_ov,snacks_ov,dinner_ov,ln_ov,mx_rejects,ors_ov,menu_opens,overall_M2O,overall_M2C,overall_C2O,la_m2o,mm_m2o,um_m2o,bf_m2o,lunch_m2o,snacks_m2o,dinner_m2o,ln_m2o,overall_vis,bf_vis,snacks_vis,dinner_vis,ln_vis
02-09-2023,08-09-2023,20109532,Moti Mahal Delux,"Sector 18, Noida",Noida,muskaan.kapoor@zomato.com,North Indian,3.591,241,133653.4,554.5784,652.4357,181,124,117,28403.6,0,0,46500.09,35050,80,66,68,88,71,82,0,64,13,164,0,1,21,3736,6.638116,16.75589,39.61661,3.849481,9.42285,13.73913,0,7.674144,4.464286,6.621729,3.571429,99.8057,0,99.68304,99.88708,0.00
02-09-2023,08-09-2023,18719000,Authentikka,Rajouri Garden,West Delhi,muskaan.kapoor@zomato.com,North Indian,4.0446,15,9381.25,625.4167,702.6667,0,5,10,1533.75,0,0,,,4,5,4,4,5,6,0,1,1,2,11,0,1,343,4.664723,9.037901,51.6129,2.73224,5.208333,9.375,0,5,7.692308,3.448276,4.83871,99.63737,0,99.9207,99.74672,99.31
02-09-2023,08-09-2023,20574548,Chicken Khurana,Hajipur,Noida,muskaan.kapoor@zomato.com,North Indian,4,12,4485.5,373.7917,452.5833,8,9,3,945.5,0,0,3600.03,3597,6,1,5,6,1,5,0,2,0,8,2,0,,331,3.625378,9.063444,40,2.654867,3.076923,10,,22.22222,0,3.524229,2.12766,99.73411,0,99.68342,99.69922,100.00
02-09-2023,08-09-2023,20414782,Biryani Express - For Daily Biryani,"Sector 10, Noida",Noida,muskaan.kapoor@zomato.com,Biryani,3.9688,910,233993.8,257.1361,297.2868,462,391,519,0,14739.04,0,22650.85,24649.65,432,295,65,494,345,71,0,319,6,257,328,0,67,5159,18.62764,46.19112,40.32732,16.71895,22.54777,18.45387,0,20.03643,11.32075,17.61624,18.64851,98.6881,0,0,99.80995,96.90
02-09-2023,08-09-2023,20515523,Crazy Cakes,Sector 21,Gurgaon,muskaan.kapoor@zomato.com,Bakery,3.4556,170,69100.6,406.4741,501.7882,121,63,107,16753.4,1650,0,18914.36,10696,96,37,36,97,37,36,1,31,20,83,35,3,23,1563,11.96417,25.78375,46.40199,11.19171,11.47059,15.50388,3.125,12.25166,11.28205,10.6383,19.68085,78.03178,76.14534,74.29703,79.15676,76.22
02-09-2023,08-09-2023,19363829,Express Bowl Company,"Sector 10, Noida",Noida,muskaan.kapoor@zomato.com,North Indian,4.0082,426,110732.1,259.9345,276.1726,283,210,216,0,10758.5,0,21177.06,23067.86,191,144,31,206,186,34,0,168,0,91,167,0,26,4097,11.08128,37.07591,29.88808,9.08,14.65452,12.14286,0,12.80753,0,9.160305,11.11794,98.52826,0,0,99.80995,96.90
02-09-2023,08-09-2023,20437530,Thalis & Bowls Co.,"Sector 135, Noida",Noida,muskaan.kapoor@zomato.com,North Indian,3.2697,51,9300.4,182.3608,235.4902,0,24,27,2709.6,0,0,,,24,15,7,24,20,7,2,21,0,9,19,0,9,302,17.21854,29.80132,57.77778,14.20455,20.61856,24.13793,8.333333,24.4186,0,15.25424,16.12903,99.78164,99.89182,99.76228,99.71523,99.78
02-09-2023,08-09-2023,20674796,Masala Darbar,Sector 39,Gurgaon,muskaan.kapoor@zomato.com,North Indian,3.6969,33,12962.2,392.794,483.8788,30,24,9,3005.8,0,0,16800,11456,15,9,9,15,9,9,0,5,1,27,0,0,5,1247,2.806736,8.580593,32.71028,1.946472,3.030303,7.8125,0,2.95858,1.587302,2.876984,0,99.87653,0,99.84152,99.91932,0.00
02-09-2023,08-09-2023,20611137,Biryani Darbar - Authentic Mughal Biryanis,Sector 144,Noida,muskaan.kapoor@zomato.com,Biryani,3.3927,255,73311.2,287.4949,334.3686,207,127,128,0,3767.7,0,18914.36,15144,136,67,32,148,75,32,0,60,13,146,36,0,19,1620,17.03704,39.69136,42.92379,15.82591,18.99038,19.17098,0,22.59136,15.05376,15.49439,17.42739,99.77671,0,99.80206,99.73097,100.00
02-09-2023,08-09-2023,20478798,Chai Thela Cafe,"Sector 41, Noida",Noida,muskaan.kapoor@zomato.com,Street Food,3.5901,10,2376.56,237.656,280.6,0,6,4,629.44,0,0,,,3,6,0,3,7,0,0,5,0,5,0,10,4,132,9.848485,23.48485,41.93548,6.666667,21.05263,0,0,10.44776,0,13.33333,0,81.73972,0,76.05075,76.17752,0.00
02-09-2023,08-09-2023,20041385,Sweet Treat Cakes,Kapashera,South Delhi,muskaan.kapoor@zomato.com,Bakery,3.4871,22,10374.4,471.5637,588.2273,16,4,18,2686.6,0,0,12228.54,3255.66,12,6,4,12,6,4,0,5,0,14,3,0,5,435,5.977011,14.71264,40.625,4.270463,9.52381,8.571429,0,8.974359,0,5.576208,8.695652,80.24691,76.14534,77.50495,79.85418,76.22
02-09-2023,08-09-2023,20767496,Crazy Cakes,MG Road,Gurgaon,muskaan.kapoor@zomato.com,Bakery,3.2414,30,11276.8,375.8933,479.3333,17,16,14,3103.2,0,0,3000.06,2830,15,7,5,18,7,5,3,5,3,9,10,1,6,367,8.446866,20.43597,41.33333,6.493506,13.25301,9.433962,20,8.77193,8.333333,7.352941,8.130081,84.1397,78.01636,94.45764,81.87866,75.90
02-09-2023,08-09-2023,20574608,Dilli Meri Jaan,Hajipur,Noida,muskaan.kapoor@zomato.com,North Indian,4,8,3824,478,556.125,6,7,1,625,0,0,3600.03,3764.86,4,1,3,4,1,3,0,0,1,6,1,3,1,379,2.110818,5.277045,40,1.652893,0.970874,8.823529,,0,10,1.92926,2.173913,92.81441,0,94.93471,91.75241,84.39
02-09-2023,08-09-2023,20767276,Daawat-E-Biryani,MG Road,Gurgaon,muskaan.kapoor@zomato.com,Biryani,4.0127,267,63064,236.1948,295.2434,195,128,139,0,1240.5,0,13714.4,13464.77,74,110,49,82,135,50,0,58,13,126,70,1,23,1654,16.74728,34.88513,48.00693,12.11226,22.08,16.19318,0,20.53872,18.3908,15.59524,16.42857,93.4181,0,98.85194,97.40219,88.18
02-09-2023,08-09-2023,19513067,Chai Chapter,Munirka,South Delhi,muskaan.kapoor@zomato.com,Tea,3.25,219,46091.8,210.4648,289.4795,109,119,100,16842.8,0,2962.4,15942.98,16848,100,75,31,106,79,34,79,52,14,51,23,2,30,2665,8.930582,22.92683,38.95254,7.713126,10.30806,10.78717,9.707602,9.722222,6.61157,9.589041,6.617647,80.96816,68.35711,90.4403,90.15848,64.48
02-09-2023,08-09-2023,20611024,Rubarru Advant,Paras Tierea,Noida,muskaan.kapoor@zomato.com,Bar Food,3.4396,20,11162,558.1,663.25,0,17,3,2503,0,0,,,3,5,8,4,7,9,0,3,3,13,1,0,2,411,4.622871,8.272506,55.88235,2.808989,5.042017,7.017544,0,4.411765,5.660377,5.106383,1.923077,99.77671,0,99.80206,99.73097,100.00
02-09-2023,08-09-2023,19567681,Chai Thela Cafe,Gaur City 1,Greater Noida,muskaan.kapoor@zomato.com,Tea,3.2295,45,10962.96,243.6213,282.1333,36,22,23,2633.04,324.56,0,5999.91,7310,17,21,3,19,23,3,0,27,11,7,0,0,6,830,5.662651,16.26506,34.81481,3.893443,9.411765,4.597701,0,6.617647,5.020921,4.519774,0,94.64928,0,99.72266,91.48249,0.00
02-09-2023,08-09-2023,20560967,Thali Express,"Sector 10, Noida",Noida,muskaan.kapoor@zomato.com,North Indian,3.7286,621,186743,300.7134,325.6409,215,223,398,0,14088.42,0,18857.2,20856,372,186,37,385,197,39,0,249,1,156,215,0,42,5240,12.91985,37.67176,34.29585,12.70279,13.60502,11.90476,0,13.33333,2.439024,11.78522,13.87778,98.52322,0,0,99.79414,96.91
02-09-2023,08-09-2023,20568538,Chopper's Stop,Hajipur,Noida,muskaan.kapoor@zomato.com,Chinese,3.601,22,4638.5,210.8409,299,21,19,3,1939.5,0,0,3600.03,3225.31,10,9,1,11,10,1,0,0,0,12,10,1,2,295,8.135593,18.64407,43.63636,7.142857,13.7931,3.703704,0,0,0,9.15493,7.913669,98.54437,0,99.68342,97.75245,95.20
02-09-2023,08-09-2023,20557235,Biryani By Mumtaaz,South Extension 1,South Delhi,muskaan.kapoor@zomato.com,Biryani,4.1321,88,27743.6,315.2682,389.3977,43,41,47,0,1242,0,10559.92,5100,30,44,10,30,48,10,0,13,2,60,13,1,6,680,13.82353,28.23529,48.95833,12.89063,15.4321,11,0,13,9.52381,14.2539,14.15094,77.57302,0,80.95238,79.82567,64.06
02-09-2023,08-09-2023,19557311,Chai Thela,Kamla Nagar,North Delhi,muskaan.kapoor@zomato.com,Fast Food,3.383,50,11306.8,226.136,259.7,43,23,27,2678.2,0,0,8285.66,9180,13,31,4,13,33,4,0,28,10,12,0,1,9,1119,5.093834,16.80071,30.31915,3.404255,6.206897,7.246377,0,5.033557,4.621849,5.818182,0,89.20569,0,94.14093,81.38575,0.00
02-09-2023,08-09-2023,20767425,Sweet Treats Cakes,MG Road,Gurgaon,muskaan.kapoor@zomato.com,Bakery,3.9749,27,12125.2,449.0815,562,18,13,14,3048.8,0,0,3000.06,2660,13,5,9,13,5,9,2,6,4,9,6,3,4,355,7.887324,14.92958,52.83019,6.829268,5.747126,14.28571,6.896552,9.375,12.5,6.923077,7,84.69916,78.05185,94.53682,81.87866,78.50
02-09-2023,08-09-2023,20677953,Rocket Meals @99 - Thalis & More,"Sector 72, Noida",Noida,muskaan.kapoor@zomato.com,North Indian,3.5743,157,38740,246.7516,308.2802,107,69,88,0,1467.44,0,13143,9986.08,85,50,10,92,55,10,0,87,2,68,0,0,25,1320,13.40909,40,33.52273,12.70208,14.62766,15.38462,0,13.90449,12,12.91449,16.66667,70.70411,0,56.53153,61.71908,0.00
02-09-2023,08-09-2023,19152946,The Sandwich Club,Sushant Lok,Gurgaon,muskaan.kapoor@zomato.com,Sandwich,4.3728,625,222920.6,356.6729,392.5264,0,481,144,21486.2,8291.9,12960.9,,,173,211,142,190,277,158,207,219,75,124,0,0,20,3990,15.71429,29.69925,52.91139,10.25508,22.01835,19.08046,19.22723,16.05839,15.98272,11.98068,0,98.21227,93.68059,99.88105,98.76857,0.00
02-09-2023,08-09-2023,18903950,Indian Spice,"Sector 10, Noida",Noida,muskaan.kapoor@zomato.com,North Indian,3.6725,120,34580,288.1667,360.2083,42,42,78,0,1925.6,0,1338.07,1338.07,57,35,17,64,38,18,0,23,0,35,62,0,7,841,14.50654,35.07729,41.35593,12.2449,16.74009,24,0,17.77778,0,13.82114,14.22222,98.52306,0,0,99.80995,96.86
02-09-2023,08-09-2023,20675788,Kake Da Darbar,Kalkaji,South Delhi,muskaan.kapoor@zomato.com,North Indian,3.1936,263,66816.5,254.0551,338.1331,209,107,156,22112.5,0,0,23914.41,22316,133,89,35,134,94,35,9,74,10,73,97,3,51,2684,10.09687,24.44113,41.31098,9.354414,11.09726,10.98901,5.084746,10.02506,5.882353,10.28571,12.17391,69.44352,85.88422,72.56146,74.4809,44.19
02-09-2023,08-09-2023,18462632,Food Express,"Sector 10, Noida",Noida,muskaan.kapoor@zomato.com,North Indian,3.6086,574,164162,285.9965,346.608,226,262,312,46271.01,10242.89,0,22342.93,24943.75,299,119,80,365,126,83,1,157,1,220,195,0,42,4814,12.62983,29.10262,43.39757,12.3433,11.84573,15.47231,4.761905,16.26263,6.451613,11.1898,12.51511,98.50226,0,0,99.80995,96.87
02-09-2023,08-09-2023,18393840,Moti Mahal Deluxe Advant,"Sector 135, Noida",Noida,muskaan.kapoor@zomato.com,North Indian,3.6189,671,283609.2,422.6664,564.1312,490,479,192,68489.8,8400,26433,46500.09,39210,278,124,147,350,140,181,0,158,28,443,42,2,45,4510,15.27716,29.40133,51.96078,13.20826,15.2439,21.71893,0,15.51724,9.45122,16.00994,14.70588,98.04521,0,99.80206,96.47096,95.21
02-09-2023,08-09-2023,20572730,Pind Kaneda,Hajipur,Noida,muskaan.kapoor@zomato.com,North Indian,3.6763,9,3767,418.5555,460.7778,8,3,6,380,0,0,3600.03,3189.34,5,3,1,5,3,1,0,0,0,2,7,1,1,311,2.893891,6.109325,47.36842,2.283105,4.545455,3.846154,0,0,0,1.242236,5.982906,99.75405,0,99.68342,99.74672,100.00
02-09-2023,08-09-2023,20767484,Heaven's Cakes,MG Road,Gurgaon,muskaan.kapoor@zomato.com,Bakery,3.6254,109,42485.2,389.7725,494.7248,91,52,57,11439.8,0,0,9599.94,9774,62,28,19,62,28,19,8,6,5,55,35,2,20,1042,10.84453,25.52783,42.4812,9.312977,14.48598,12.13873,17.02128,3.658537,7.142857,11.31313,14.28571,82.87437,76.59847,89.78622,82.05291,75.62
02-09-2023,08-09-2023,19703450,Flourmates Bakery Cafe,"Sector 72, Noida",Noida,muskaan.kapoor@zomato.com,Bakery,4.0566,17,5260.6,309.4471,401.3529,0,13,4,1870.4,0,0,,,10,2,4,10,2,5,0,4,5,8,0,0,1,301,5.647841,14.61794,38.63636,6.206897,3.225806,7.936508,0,4.081633,8.62069,6.015038,0,99.8548,0,99.96035,99.91017,0.00
02-09-2023,08-09-2023,20437123,Florentine Pizzeria,"Sector 72, Noida",Noida,muskaan.kapoor@zomato.com,Pizza,3.4827,12,5925.4,493.7833,572.0833,0,7,5,1179.6,0,0,,,4,4,4,4,4,4,0,6,0,6,0,0,,208,6.25,17.30769,36.11111,5.208333,6.153846,8.510638,0,10,0,5.932203,0,99.8548,0,99.96035,99.91017,0.00
02-09-2023,08-09-2023,20677888,Asian Wok - Yum Chinese Delivery,Sector 39,Gurgaon,muskaan.kapoor@zomato.com,Chinese,3.454,137,36217.7,264.3628,331.0292,126,78,59,11873.3,0,0,31500,14815,85,28,17,88,30,19,0,5,5,94,33,2,20,1551,9.800129,22.17924,44.18605,8.602151,10.93248,17.74194,0,8.536585,7.462687,9.980237,10.07752,58.77418,0,75.09913,78.69138,16.15
02-09-2023,08-09-2023,19743811,Bhaturi Batey,Sector 39,Gurgaon,muskaan.kapoor@zomato.com,North Indian,3.7604,39,8912,228.5128,241.5128,34,17,22,0,87.5,0,5571.41,7640,19,16,3,20,16,3,3,22,3,11,0,0,6,830,5.301205,22.53012,23.52941,4.347826,7.264957,5.555556,4.761905,5.701754,5.555556,4.680851,0,93.09749,85.6917,95.64011,87.94571,0.00
02-09-2023,08-09-2023,18983926,Biryani Expert,"Sector 10, Noida",Noida,muskaan.kapoor@zomato.com,Biryani,3.7809,342,90498.2,264.6146,325.6608,100,189,153,27966.8,11875,0,10285.8,11291.48,172,83,31,223,88,31,0,108,0,117,117,2,30,3029,12.24827,32.05678,38.20803,12.11796,12.51534,12.32092,0,13.74408,0,11.99207,11.5917,96.17245,0,0,98.32119,92.11
02-09-2023,08-09-2023,20609826,Oriental Spice By Kb2,Sector 39,Gurgaon,muskaan.kapoor@zomato.com,Asian,0,15,6306.6,420.44,540.4,10,10,5,1799.4,0,0,11085.82,1824,6,0,7,7,0,8,0,5,0,10,0,0,1,225,7.555556,16,47.22222,5.185185,4.878049,16.32653,0,15.15152,0,6.896552,0,99.87653,0,99.88109,99.90318,0.00
02-09-2023,08-09-2023,20169637,Plates And Bowls,Kalkaji,South Delhi,muskaan.kapoor@zomato.com,North Indian,3.2426,52,16945.9,325.8827,373.8846,37,26,26,2496.1,2000,0,4457.15,4516.91,26,8,16,28,8,16,1,19,1,23,8,1,15,693,7.792208,17.46032,44.6281,6.904762,5.660377,14.03509,1.587302,9.345794,2.222222,8.627451,8.62069,73.28178,87.54956,76.05075,72.9618,55.46
02-09-2023,08-09-2023,20748373,Fit Food - For Healthy Lifestyle,Satyaniketan,South Delhi,muskaan.kapoor@zomato.com,Healthy Food,3.7013,184,47864.4,260.1326,349.1957,116,123,61,18438.4,0,0,21343.02,23384.85,43,51,44,62,74,48,0,48,28,97,11,2,19,2368,7.981419,15.79392,50.53476,10.90604,7.692308,6.148055,0,9.437387,9.310345,7.585139,5.405405,84.50929,0,85.652,85.40181,81.57
02-09-2023,08-09-2023,20610949,Durbar Grill Since 1985,Paras Tierea,Noida,muskaan.kapoor@zomato.com,North Indian,0,12,7292,607.6667,723.3333,4,7,5,1628,0,0,13500.06,1695,2,1,7,2,1,9,0,2,0,8,2,1,2,183,7.103825,14.20765,50,6.122449,4.255319,9.195402,,7.407407,0,8.333333,5.128205,99.77671,0,99.80206,99.73097,100.00
02-09-2023,08-09-2023,20100578,Brother's Bakers,Rajouri Garden,West Delhi,muskaan.kapoor@zomato.com,Bakery,3.6316,43,10611.8,246.786,304.093,0,13,30,2464.2,0,0,,,21,12,8,22,13,8,0,15,4,24,0,1,6,447,10.29083,29.30649,35.1145,7.491857,13.86139,23.07692,0,9.615385,6.25,13.06533,0,95.35779,0,95.12485,95.1773,0.00
02-09-2023,08-09-2023,20404198,Punjabi Chulha,"Sector 72, Noida",Noida,muskaan.kapoor@zomato.com,North Indian,3.4169,193,40578,210.2487,297.0155,152,103,90,18281,0,0,13143,14945.24,121,47,13,130,50,13,0,59,4,130,0,0,28,1517,13.84311,32.76203,42.25352,12.91822,15.71429,17.58242,0,18.61199,20,12.47834,11.11111,75.1886,0,77.7027,73.3543,0.00
02-09-2023,08-09-2023,19557156,Moti Mahal Delux,Omega 2,Greater Noida,muskaan.kapoor@zomato.com,North Indian,3.9173,141,75366.72,534.5158,705.3405,0,81,60,17190.8,0,6895.48,,,39,44,47,42,50,49,12,29,4,96,0,0,12,1902,7.67613,17.35016,44.24242,4.51489,9.839357,13.7741,5.042017,7.075472,3.076923,9.116022,4.166667,96.6911,91.26188,99.88128,96.80594,0.00
02-09-2023,08-09-2023,20574790,Let's Wok,Hajipur,Noida,muskaan.kapoor@zomato.com,Chinese,3.3301,24,7168,298.6667,383.6667,20,16,8,2040,0,0,3600.03,3597,11,5,8,11,5,8,0,0,1,20,3,1,2,351,7.122507,16.80912,42.37288,5.15873,9.090909,15.90909,,0,25,7.5,5.555556,99.0694,0,99.68342,98.98686,95.20
02-09-2023,08-09-2023,20687088,Cakes By My ChoiceÂ Bakery,Pitampura,North Delhi,muskaan.kapoor@zomato.com,Bakery,3.9944,14,6688.2,477.7286,567.2143,4,2,12,1392.8,0,0,0,0,10,1,3,10,1,3,0,4,6,4,0,0,,347,4.322767,15.85014,27.27273,5.797101,1.282051,3.225806,0,3.597122,8.955224,2.985075,0,98.06939,0,99.04988,97.67018,0.00
02-09-2023,08-09-2023,20748423,Biryani Bypass - For Daily Biryanis,Satyaniketan,South Delhi,muskaan.kapoor@zomato.com,Biryani,3.3974,160,47555,297.2188,287.2188,136,49,111,0,2165,0,21000.09,23334.4,73,59,28,73,59,28,0,64,8,76,12,0,12,2483,7.571486,28.51389,26.55367,6.231454,8.899876,9.815951,0,8.726415,3.474903,7.530364,9.090909,84.56676,0,85.652,85.40181,84.07
02-09-2023,08-09-2023,20447153,China Wok By Brother's Kitchen,Tilak Nagar,West Delhi,muskaan.kapoor@zomato.com,Chinese,3.4257,116,21828,188.1724,235.2155,80,37,79,0,1289.2,0,5999.98,6670,71,38,3,74,39,3,0,13,14,28,61,0,15,936,13.24786,41.55983,31.87661,12.4031,16.66667,7.843137,0,9.210526,10.19108,10.54545,18.51852,92.53261,0,95.04558,95.01109,86.31
02-09-2023,08-09-2023,20730747,Thali King - Make your own Meals,Jaypee Greens,Greater Noida,muskaan.kapoor@zomato.com,North Indian,3.6956,117,41908,358.1881,447.7351,56,60,57,0,846,0,3714.3,4357.77,46,36,16,56,44,17,0,69,4,44,0,0,7,1037,12.054,31.72613,37.99392,11.13106,12.26158,15.9292,0,12.56367,6.060606,13.16527,0,97.35792,0,99.84165,96.32903,0.00
02-09-2023,08-09-2023,20666110,Riwaaz Biryani Authentic Mughal Biryanis,"Sector 72, Noida",Noida,muskaan.kapoor@zomato.com,Biryani,3.3092,60,14966,249.4333,310.3333,47,26,34,0,646,0,10285.8,6564,35,17,7,36,17,7,0,16,0,44,0,1,13,653,9.954058,28.48392,34.94624,8.466819,13.20755,12.2807,0,13.43284,0,9.437751,0,83.01551,0,78.15315,76.45702,0.00
02-09-2023,08-09-2023,20412906,JMD Food Corner,"Sector 135, Noida",Noida,muskaan.kapoor@zomato.com,North Indian,3.3414,93,16351.8,175.8258,231.7419,0,44,49,5200.2,0,0,,,53,27,7,58,28,7,9,25,1,23,35,1,13,717,14.50488,31.24128,46.42857,14.28571,16.04278,11.76471,10.57692,21.42857,7.692308,15.78947,12.94498,96.18692,95.15361,95.00792,96.47096,97.52
02-09-2023,08-09-2023,301229,Kitchen King,R K Puram,South Delhi,muskaan.kapoor@zomato.com,Chinese,4.1699,130,41571.5,319.7808,328.4616,0,60,70,2718.5,876,0,,,28,38,37,34,53,43,0,46,7,77,0,0,12,652,21.01227,46.01227,45.66667,11.70213,24.43439,33.55705,0,22.8972,10.12658,23.18841,0,99.90019,0,99.92076,99.95157,0.00
02-09-2023,08-09-2023,20650299,Chai Thela Cafe,Laxmi Nagar,East Delhi,muskaan.kapoor@zomato.com,Tea,3.3807,38,7787.4,204.9316,236.8684,18,22,16,1973.6,0,0,1857.18,2210,9,13,6,10,21,7,0,29,2,7,0,0,2,418,8.851675,21.77033,40.65934,4.680851,14.08451,14.63415,0,9.310345,4.761905,9.411765,,95.61409,0,95.00595,92.11689,0.00
02-09-2023,08-09-2023,20568179,Kahi Se Bhi,Hajipur,Noida,muskaan.kapoor@zomato.com,North Indian,4,6,2566,427.6667,517.6667,4,3,3,540,0,0,3600.03,3680.93,3,0,3,3,0,3,0,0,0,6,0,0,1,359,1.671309,4.456825,37.5,1.239669,1.25,5.405405,,0,0,1.880878,0,99.75405,0,99.68342,99.74672,100.00
02-09-2023,08-09-2023,20568495,Raja Bhoj & Co.,Hajipur,Noida,muskaan.kapoor@zomato.com,North Indian,3.2237,5,1046,209.2,305.2,4,3,2,480,0,0,3600.03,3597,2,2,1,2,2,1,0,0,0,5,0,0,1,351,1.424501,5.413105,26.31579,0.796813,2.597403,4.347826,,0,0,1.666667,0,99.74741,0,99.68342,99.74672,100.00
02-09-2023,08-09-2023,20611111,American Desi By Rubarru,Paras Tierea,Noida,muskaan.kapoor@zomato.com,Fast Food,0,5,3503,700.6,824,0,3,2,717,0,0,,,0,2,3,0,2,3,0,1,0,3,1,0,,137,3.649635,5.839416,62.5,0,6.451613,12,,2.777778,0,4.347826,5,99.77671,0,99.80206,99.73097,100.00
02-09-2023,08-09-2023,20767455,Cakingo,MG Road,Gurgaon,muskaan.kapoor@zomato.com,Bakery,3.7151,165,66991.2,406.0073,520.6667,134,91,74,19367.8,0,0,11142.87,11850,115,25,20,119,25,21,3,11,13,88,50,5,36,1511,11.58173,23.22965,49.85755,12.05534,10.90909,10.26786,4.615385,4.214559,8.125,13.76812,15.8209,79.64375,69.24847,89.82581,81.56186,68.26
02-09-2023,08-09-2023,20568502,Rozi Roti,Hajipur,Noida,muskaan.kapoor@zomato.com,North Indian,4,10,2646,264.6,356,7,7,3,914,0,0,3600.03,3800.83,6,4,0,6,4,0,0,0,0,8,2,1,1,377,2.917772,6.100796,47.82609,2.713178,4.081633,0,,0,0,2.675585,5.454545,98.42462,0,99.68342,97.43549,95.29
02-09-2023,08-09-2023,20572721,Oye Chhotu,Hajipur,Noida,muskaan.kapoor@zomato.com,North Indian,4,10,4801.6,480.16,545.7,7,8,2,655.4,0,0,3600.03,3597,8,1,0,9,1,0,0,2,0,7,1,0,,355,2.816901,8.169014,34.48276,3.543307,1.449275,0,,18.18182,0,2.380952,2.272727,99.32864,0,99.5647,99.73088,99.91
02-09-2023,08-09-2023,20677936,Mughal Biryani,Sector 39,Gurgaon,muskaan.kapoor@zomato.com,Biryani,3.7102,244,68456.4,280.559,286.9016,157,90,154,0,3326.5,0,19885.8,17259.66,89,93,49,93,99,52,0,70,14,122,38,1,21,2196,12.38616,34.01639,36.41232,9.596929,14.93671,14.83516,0,10.81871,10.625,12.84756,15.51155,71.37972,0,82.11737,87.2782,35.27
02-09-2023,08-09-2023,20614895,Chai Thela Cafe,Vaishali,Ghaziabad,muskaan.kapoor@zomato.com,Tea,3.4874,92,18451.3,200.5576,251.6848,70,42,50,6543.7,0,0,10571.51,10288.36,31,35,9,36,45,11,0,49,20,23,0,0,11,1290,7.51938,18.60465,40.41667,5.284553,10.2381,11.36364,0,7.843137,6.840391,7.594937,0,98.64883,0,97.26516,98.18244,0.00
02-09-2023,08-09-2023,20568094,Ballu Bawarchi,Hajipur,Noida,muskaan.kapoor@zomato.com,North Indian,4,12,4353.5,362.7917,441.0833,7,9,3,939.5,0,0,3600.03,3597,6,4,0,6,6,0,0,0,1,9,2,2,2,357,2.80112,8.123249,34.48276,2.702703,4.347826,0,,0,12.5,2.272727,6.896552,95.00133,0,94.89513,95.01346,95.20
02-09-2023,08-09-2023,19246660,The Chai Story,Munirka,South Delhi,muskaan.kapoor@zomato.com,Cafe,3.3289,239,54107.82,226.3926,296.1255,123,130,109,18991.18,4535.47,0,13542.96,15386,130,62,33,139,67,33,43,76,20,34,66,2,33,2456,10.21987,24.38925,41.90317,9.351145,12.05674,11.25,13.7931,10.90652,9.41704,7.637232,9.759189,77.55359,69.1495,85.68029,85.41997,58.84
02-09-2023,08-09-2023,19986801,Bro Da Dhaba,Jaypee Greens,Greater Noida,muskaan.kapoor@zomato.com,Mughlai,3.9118,800,225568.5,281.9606,372.745,172,466,334,72175.5,25,0,12600.09,14720,338,193,88,444,247,109,0,262,65,473,0,1,68,5033,16.33221,33.57838,48.63905,14.80744,18.32061,19.31034,0,15.6196,13.2216,17.99775,0,97.2563,0,99.84165,96.21006,0.00
02-09-2023,08-09-2023,20570006,Brother's Bakers (Since 2000),"Sector 7, Dwarka",Dwarka,muskaan.kapoor@zomato.com,Bakery,3.3783,108,31839,294.8055,352.0463,82,41,67,6182,95,0,10685.86,11397.87,48,31,27,49,31,28,0,46,13,49,0,2,16,1311,9.305873,22.12052,42.06897,7.209613,12.33766,11.81102,0,10.60291,5.349794,9.982788,0,95.87113,0,95.09494,94.67611,0.00
02-09-2023,08-09-2023,20473040,Raanjhana Veg Taste Of Love,"Sector 135, Noida",Noida,muskaan.kapoor@zomato.com,North Indian,3.2848,146,30899.2,211.6384,282.4589,45,62,84,10419.8,39.9,0,2828.61,3048.31,94,30,9,103,34,9,10,48,5,20,63,0,18,885,17.74011,35.81921,49.52681,18.13804,18.71658,12,11.70213,21.42857,11.76471,11.76471,20.78313,99.78164,99.89182,99.76228,99.71523,99.78
02-09-2023,08-09-2023,19544705,My Choice Bakery,Pitampura,North Delhi,muskaan.kapoor@zomato.com,Bakery,3.7325,15,5965.2,397.68,454.8667,0,6,9,1007.8,0,0,,,7,7,1,7,7,1,0,9,2,4,0,0,1,295,5.762712,20,28.81356,4.545455,9.090909,3.225806,0,7.8125,4.255319,4.424779,0,98.43228,0,99.72288,98.37925,0.00
02-09-2023,08-09-2023,20568555,Dou Chi,Hajipur,Noida,muskaan.kapoor@zomato.com,Chinese,3.601,18,6181,343.3889,423.3889,14,12,6,1440,0,0,3600.03,3597,7,6,5,7,6,5,0,0,0,11,7,0,1,333,6.306306,13.51351,46.66667,3.603604,10.76923,13.04348,,0,0,5.263158,9.677419,99.74741,0,99.68342,99.73088,100.00
02-09-2023,08-09-2023,20614919,Chai Thela Cafe,Indirapuram,Ghaziabad,muskaan.kapoor@zomato.com,Tea,3.1355,19,3881.8,204.3053,242.579,13,9,10,1107.2,0,0,1600.06,1837.7,14,4,1,14,4,1,0,9,6,4,0,0,,321,5.919003,18.06854,32.75862,6.220096,6.097561,3.333333,0,5.232558,8.571429,5.128205,,99.6878,0,99.48556,99.81305,0.00
02-09-2023,08-09-2023,20725465,Dhungaar - The Smoky Secret,Amrapali Dream Valley,Greater Noida,muskaan.kapoor@zomato.com,North Indian,3.5621,97,33922.37,349.7152,401.8144,74,39,58,7420,-37.5,0,18042.87,14226.55,37,29,27,38,32,27,0,6,0,63,28,0,9,1385,7.436823,14.58484,50.9901,5.578801,8.717949,10.43165,0,3.846154,0,8.242424,7.455013,99.89552,0,0,99.82125,100.00
02-09-2023,08-09-2023,20560669,Oh! Biryani The Taste of Delhi,South Extension 1,South Delhi,muskaan.kapoor@zomato.com,Biryani,3.9155,293,74328.4,253.6805,300.1979,156,124,169,0,6018.5,0,10080,11127.2,141,103,26,154,108,31,0,93,21,107,72,0,23,1626,19.6187,42.74293,45.89928,19.06393,19.63394,22.81879,0,21.06339,19.62617,16.47399,24.54545,82.02382,0,85.71429,84.58003,69.79
02-09-2023,08-09-2023,20674377,Zoca Cafe,Satyaniketan,South Delhi,muskaan.kapoor@zomato.com,North Indian,3.7644,76,28582.4,376.0842,439.6579,37,34,42,5591.6,0,0,7885.78,8736,19,21,33,20,22,34,0,8,8,50,10,1,,1170,6.837607,14.52991,47.05882,7.746479,5.542169,7.430998,0,5.421687,4.878049,7.350902,9.090909,84.57953,0,85.652,85.40181,84.07
02-09-2023,08-09-2023,20570036,Crispy Nation,"Sector 8, Dwarka",Dwarka,muskaan.kapoor@zomato.com,Burger,3.4641,54,13097.6,242.5481,303.1852,47,15,39,0,657.5,0,7200.06,7858.88,19,18,15,21,18,15,0,7,19,28,0,1,7,735,8.571429,24.08163,35.59322,7.35786,8.480565,11.11111,0,8.823529,8.888889,8.450704,0,99.63718,0,99.84177,99.41296,0.00
02-09-2023,08-09-2023,20767390,The Biryani Kingdom,MG Road,Gurgaon,muskaan.kapoor@zomato.com,Biryani,4.0971,410,91508,223.1903,278.9878,300,210,200,0,3975.25,0,15428.6,16566.09,259,92,16,287,106,17,0,155,33,138,84,1,25,2299,19.22575,45.15007,42.58189,19.02141,20.36364,16.66667,0,20.51916,21.38728,16.68611,21.62162,94.42782,0,99.96041,98.68525,89.77
02-09-2023,08-09-2023,20515055,Masala Factory,Janakpuri,West Delhi,muskaan.kapoor@zomato.com,Chinese,3.5181,108,29675,274.7685,320.7871,91,31,77,4970,0,0,9942.86,10769.26,19,54,29,19,58,31,15,10,13,70,0,2,10,1079,10.7507,22.79889,47.15447,7.19697,12.05937,11.5942,13.7931,10.10101,11.2,10.32609,0,96.02939,94.98813,95.12678,95.08671,0.00
02-09-2023,08-09-2023,305486,Brother's Bakers,Tilak Nagar,West Delhi,muskaan.kapoor@zomato.com,Bakery,3.3628,533,141559.7,265.5904,347.2458,187,199,334,30824.3,13750,0,11429,12624.2,302,136,47,343,142,48,0,76,45,173,239,6,87,4682,12.60145,31.37548,40.16338,12.41357,13.05439,12.66667,0,11.03811,12.76042,12.82593,13.13903,96.77951,0,99.80182,99.36649,90.92
02-09-2023,08-09-2023,20610494,Durbar Grill Since 1985,"Sector 38, Noida",Noida,muskaan.kapoor@zomato.com,North Indian,0,17,8705.8,512.1059,566.353,15,8,9,1262.2,0,0,8357.18,4125,0,4,13,0,4,13,0,0,0,7,10,0,1,304,5.921053,11.51316,51.42857,0,3.571429,8.333333,,0,0,4.166667,9.016393,99.78311,0,99.68304,99.79411,100.00
02-09-2023,08-09-2023,20726965,Chai Thela Cafe,DLF Phase 2,Gurgaon,muskaan.kapoor@zomato.com,Tea,3.4917,115,23037.4,200.3252,261.3826,103,66,49,7021.6,0,0,13999.79,11424.32,43,45,19,46,46,23,60,33,10,12,0,6,16,1330,9.24812,19.17293,48.23529,7.458143,10.62907,11.79245,8.589744,10.49383,8.849558,10.61947,,95.43092,94.98307,94.31345,94.00966,0.00
02-09-2023,08-09-2023,19915728,Chai Thela Cafe,Netaji Subhash Place,North Delhi,muskaan.kapoor@zomato.com,Fast Food,3.0554,26,5375.88,206.7646,229.9231,19,12,14,1122.12,108.68,0,4000.08,4575.42,6,15,4,6,16,4,0,19,3,4,0,0,1,606,5.445545,15.0165,36.26374,4.790419,6.52921,4.054054,,7.773852,2.4,4.571429,0,94.78745,0,95.20412,94.85429,83.61
02-09-2023,08-09-2023,20574508,Laale Di Chaap,Hajipur,Noida,muskaan.kapoor@zomato.com,North Indian,3.5967,10,3512.4,351.24,421.6,10,5,5,703.6,0,0,3600.03,3297.25,5,1,4,5,1,4,0,0,0,8,2,0,2,308,3.571429,7.792208,45.83333,3.125,1.315789,10,0,0,0,4.455446,2.197802,99.74076,0,99.68342,99.73088,100.00
02-09-2023,08-09-2023,20571603,Shanghai Chillie's,Hajipur,Noida,muskaan.kapoor@zomato.com,Chinese,4,21,5555,264.5238,351.0953,17,15,6,1818,0,0,3600.03,3597,13,4,2,13,6,2,0,0,0,16,5,0,2,347,6.628242,15.27378,43.39623,5.701754,9.090909,7.142857,,0,0,7.2,5.882353,99.74741,0,99.68342,99.73088,100.00
02-09-2023,08-09-2023,20473018,Homely Parathas And More,"Sector 135, Noida",Noida,muskaan.kapoor@zomato.com,North Indian,3.5581,248,42786.8,172.5274,230.6452,43,136,112,14572.8,60,0,2828.61,3299.47,143,57,16,161,70,17,41,78,6,64,59,0,32,1351,18.80089,33.53072,56.07064,19.18129,19.28021,14.01869,19.17808,19.5599,17.07317,21.14094,16.14583,99.78164,99.89182,99.76228,99.71523,99.78
02-09-2023,08-09-2023,20650271,Chai Thela Cafe,DLF Phase 3,Gurgaon,muskaan.kapoor@zomato.com,Tea,3.4226,48,11137,232.0208,266.9167,41,33,15,2834,0,0,6285.76,6805.74,19,22,5,19,24,5,0,25,11,12,0,0,7,760,6.710526,18.02632,37.22628,4.524887,10.2459,8.108108,0,7.122507,7.692308,5.30303,100,99.05577,0,99.80198,97.92552,0.00
02-09-2023,08-09-2023,20610879,Biryani Darbar - Authentic Mughal Biryanis,"Sector 38, Noida",Noida,muskaan.kapoor@zomato.com,Biryani,3.621,220,63329.6,287.8618,334.8273,180,88,132,0,3384,0,16628.6,16702,100,64,48,103,69,48,0,72,21,94,33,0,21,1777,13.33708,36.18458,36.85848,11.46694,15.88367,15.19337,0,11.57895,12.7907,13.54582,19.8895,99.22812,0,99.68304,99.2873,95.22
02-09-2023,08-09-2023,20562285,UP 13 Kitchen,"Sector 135, Noida",Noida,muskaan.kapoor@zomato.com,North Indian,3.308,87,16758,192.6207,239.4828,32,37,50,4164.6,20,0,3085.74,3354.4,33,43,2,35,50,2,13,30,7,27,10,0,5,585,15.7265,28.20513,55.75758,13.20755,20.37736,5.454545,9.677419,21.83099,20.58824,14.4186,15.71429,99.77009,99.84162,99.76228,99.69941,99.79
02-09-2023,08-09-2023,20809219,Taste Of Punjab,East Patel Nagar,West Delhi,muskaan.kapoor@zomato.com,North Indian,3.5272,152,39215.5,257.9967,354.6382,97,72,80,14689.5,7.5,0,16050.06,16067,99,32,14,106,32,14,0,67,19,63,3,0,7,1968,8.079268,24.28862,33.2636,7.352941,10.49383,10.13514,0,9.663866,4.819277,8.354115,8.571429,95.22462,0,95.83664,96.0971,94.37
02-09-2023,08-09-2023,20568501,Fat Chinese Chef,Hajipur,Noida,muskaan.kapoor@zomato.com,Chinese,2.8236,28,9748,348.1429,432.4286,26,16,12,2360,0,0,3600.03,3597,19,4,5,19,4,5,0,0,0,22,6,0,1,336,8.630952,17.55952,49.15254,8.438819,7.352941,12.90323,,0,0,10.38961,5.617978,99.75405,0,99.68342,99.74672,100.00
02-09-2023,08-09-2023,19393296,Chai Thela Cafe,Janakpuri,West Delhi,muskaan.kapoor@zomato.com,Sandwich,3.8668,244,57385.99,235.1885,270.1557,131,97,147,13270.01,2306.93,0,14914.2,17315.4,72,99,29,86,129,29,108,70,25,41,0,3,28,2901,8.824543,20.92382,42.17463,5.932203,12.64368,10.21672,8.488459,9.317585,8.666667,9.259259,0,96.22387,89.3168,94.69097,98.58892,0.00
02-09-2023,08-09-2023,20570097,Excellent Dumpling House,Hajipur,Noida,muskaan.kapoor@zomato.com,Momos,3.8917,21,5072,241.5238,331.381,16,12,9,1887,0,0,3600.03,3692.92,9,5,5,9,7,5,0,2,1,12,6,0,1,368,6.25,11.95652,52.27273,4.522613,7.692308,9.230769,0,16.66667,10,5.327869,6.930693,99.75405,0,99.68342,99.74672,100.00
02-09-2023,08-09-2023,20725649,Nashta Chaska,Amrapali Dream Valley,Greater Noida,muskaan.kapoor@zomato.com,North Indian,3.3737,25,7394.89,295.7956,283,17,10,15,0,250,0,3085.74,2978.04,7,13,4,7,14,4,3,14,0,8,0,0,1,429,6.060606,21.91142,27.65957,4.147465,7.894737,8.333333,4.225352,6.603774,,5.714286,16.66667,99.87578,99.90215,0,99.87844,0.00
02-09-2023,08-09-2023,20418148,Chai Fitoor,South Extension 1,South Delhi,muskaan.kapoor@zomato.com,Tea,3.4699,11,2290,208.1818,232.8182,0,3,8,400,0,0,,,4,4,2,4,4,3,4,7,0,0,0,0,2,145,7.586207,17.93103,42.30769,4.054054,11.36364,11.11111,6.779661,12.96296,0,0,0,76.58173,85.57845,85.56129,34.53416,0.00
02-09-2023,08-09-2023,20568130,Dana Paani,Hajipur,Noida,muskaan.kapoor@zomato.com,North Indian,3.6011,21,9726,463.1429,549.8095,15,10,11,1820,0,0,3600.03,3597,9,6,6,9,6,6,0,2,1,15,3,2,2,352,5.681818,13.06818,43.47826,4.310345,5.681818,15.625,0,18.18182,20,5.035971,5.263158,98.26509,0,99.68342,97.35634,93.64
02-09-2023,08-09-2023,20568162,Bhukha Sher,Hajipur,Noida,muskaan.kapoor@zomato.com,North Indian,3.0516,6,1073,178.8333,255.5,6,3,3,460,0,0,3600.03,3597,4,1,1,4,1,1,0,0,0,6,0,0,2,371,1.617251,6.738544,24,1.55642,1.265823,2.857143,,0,0,1.973684,0,99.74741,0,99.68342,99.74672,100.00
02-09-2023,08-09-2023,20560709,Parathas Chapter,Kalkaji,South Delhi,muskaan.kapoor@zomato.com,North Indian,3.3411,137,24785.8,180.9183,229.9635,109,56,81,6719.2,74.5,0,9142.83,8972,65,53,9,70,58,9,16,35,8,57,21,3,27,1074,14.43203,30.44693,47.40061,12.73666,16.38142,16.66667,10.46512,17.11027,12.12121,14.83376,14.28571,71.02543,72.02288,76.05075,74.5126,53.56
02-09-2023,08-09-2023,20570159,Roti Aur Boti Xpress,Hajipur,Noida,muskaan.kapoor@zomato.com,North Indian,4,8,3373,421.625,494.125,8,3,5,580,0,0,3600.03,3908.74,3,4,1,3,4,1,0,0,0,8,0,0,,407,1.965602,5.651106,34.78261,1.048951,4.494382,3.125,0,0,0,2.416918,0,99.75405,0,99.68342,99.74672,100.00
02-09-2023,08-09-2023,20672821,Village Bistro,Sector 39,Gurgaon,muskaan.kapoor@zomato.com,Rolls,3.7389,60,26590.3,443.1717,495.6833,52,37,23,4450.7,0,0,7200.06,7812,11,27,21,11,27,22,0,3,1,36,20,0,6,974,6.570842,12.62834,52.03252,3.465347,7.466667,7.304786,,3.947368,4,6.759099,7.380074,62.23148,0,65.86043,81.35298,32.45
02-09-2023,08-09-2023,20418148,Chai Fitoor,South Extension 1,South Delhi,muskaan.kapoor@zomato.com,Tea,3.601,6,1079,179.8333,221.5,0,3,3,320,0,0,,,2,3,1,2,3,1,2,4,0,0,0,0,2,62,9.677419,19.35484,50,3.448276,16.66667,11.11111,9.52381,17.3913,0,0,0,67.75054,72.61725,72.67222,51.77866,0.00
02-09-2023,08-09-2023,20568130,Dana Paani,Hajipur,Noida,muskaan.kapoor@zomato.com,North Indian,4,14,6176,441.1429,528.2857,8,5,9,1220,0,0,1885.73,1882.43,6,4,4,6,4,4,0,1,1,10,2,1,,186,7.526882,14.51613,51.85185,5.6,9.302326,16.66667,0,16.66667,25,7.246377,5.405405,97.15772,0,99.69766,95.22514,91.00
02-09-2023,08-09-2023,20611137,Biryani Darbar - Authentic Mughal Biryanis,Sector 144,Noida,muskaan.kapoor@zomato.com,Biryani,3.4079,117,34884,298.1538,347.6923,86,54,63,0,1104.3,0,8542.9,7192,63,34,14,64,39,14,0,24,4,74,15,0,8,806,16.00496,37.59305,42.57426,15.07937,18.4466,15.625,0,15.56886,11.90476,16.04938,18.18182,99.79296,0,99.84883,99.72818,100.00
02-09-2023,08-09-2023,20677953,Rocket Meals @99 - Thalis & More,"Sector 72, Noida",Noida,muskaan.kapoor@zomato.com,North Indian,3.5302,86,23792.8,276.6605,345.8256,54,40,46,0,587.36,0,6571.5,4939.13,41,31,6,45,35,6,0,43,0,43,0,0,13,683,13.90922,42.75256,32.53425,11.95402,18.40796,12.76596,0,13.27913,7.142857,15.15152,0,81.06013,0,66.51786,74.80084,0.00
02-09-2023,08-09-2023,19915728,Chai Thela Cafe,Netaji Subhash Place,North Delhi,muskaan.kapoor@zomato.com,Fast Food,3.1916,10,2131.96,213.196,234.2,6,5,5,410.04,45.56,0,1142.88,1558.44,2,6,1,2,7,1,0,5,2,3,0,0,,238,6.302521,15.54622,40.54054,6.024096,7.920792,3.703704,,7.5,5.405405,6.796117,0,90.30067,0,90.92284,90.32564,75.32
02-09-2023,08-09-2023,19557156,Moti Mahal Delux,Omega 2,Greater Noida,muskaan.kapoor@zomato.com,North Indian,3.9946,67,38152.12,569.4346,746.0747,0,37,30,8604.4,0,3230.48,,,24,16,25,26,16,25,5,16,1,45,0,0,8,1048,6.774809,16.22137,41.76471,4.915254,6.130268,13.19797,3.144654,7.45614,1.388889,8.290155,0,98.25611,92.59073,99.84894,99.66123,0.00
